{
	"credit": "Made with Blockbench",
	"textures": {
		"0": "promptium:blocks/promptium_block",
		"1": "promptium:blocks/white",
		"2": "promptium:blocks/gold",
		"3": "promptium:blocks/black",
		"4": "promptium:blocks/dark_red",
		"particle": "promptium:blocks/promptium_block"
	},
	"elements": [
		{
			"from": [7.25, 1, 0],
			"to": [8, 2, 1],
			"faces": {
				"north": {"uv": [0, 0, 1, 1], "texture": "#1"},
				"east": {"uv": [0, 0, 1, 1], "texture": "#1"},
				"south": {"uv": [0, 0, 1, 1], "texture": "#1"},
				"west": {"uv": [0, 0, 1, 1], "texture": "#1"},
				"up": {"uv": [0, 0, 1, 1], "texture": "#1"},
				"down": {"uv": [0, 0, 1, 1], "texture": "#1"}
			}
		},
		{
			"from": [8, 0, 0],
			"to": [8.75, 1, 1],
			"faces": {
				"north": {"uv": [0, 0, 1, 1], "texture": "#1"},
				"east": {"uv": [0, 0, 1, 1], "texture": "#1"},
				"south": {"uv": [0, 0, 1, 1], "texture": "#1"},
				"west": {"uv": [0, 0, 1, 1], "texture": "#1"},
				"up": {"uv": [0, 0, 1, 1], "texture": "#1"},
				"down": {"uv": [0, 0, 1, 1], "texture": "#1"}
			}
		},
		{
			"from": [8, 0, 1],
			"to": [8.75, 1, 2],
			"faces": {
				"north": {"uv": [0, 0, 1, 1], "texture": "#1"},
				"east": {"uv": [0, 0, 1, 1], "texture": "#1"},
				"south": {"uv": [0, 0, 1, 1], "texture": "#1"},
				"west": {"uv": [0, 0, 1, 1], "texture": "#1"},
				"up": {"uv": [0, 0, 1, 1], "texture": "#1"},
				"down": {"uv": [0, 0, 1, 1], "texture": "#1"}
			}
		},
		{
			"from": [7.25, 0, 1],
			"to": [8, 1, 2],
			"faces": {
				"north": {"uv": [0, 0, 1, 1], "texture": "#1"},
				"east": {"uv": [0, 0, 1, 1], "texture": "#1"},
				"south": {"uv": [0, 0, 1, 1], "texture": "#1"},
				"west": {"uv": [0, 0, 1, 1], "texture": "#1"},
				"up": {"uv": [0, 0, 1, 1], "texture": "#1"},
				"down": {"uv": [0, 0, 1, 1], "texture": "#1"}
			}
		},
		{
			"from": [7.35, 1, 1],
			"to": [8, 2, 2],
			"faces": {
				"north": {"uv": [0, 0, 1, 1], "texture": "#2"},
				"east": {"uv": [0, 0, 1, 1], "texture": "#2"},
				"south": {"uv": [0, 0, 1, 1], "texture": "#2"},
				"west": {"uv": [0, 0, 1, 1], "texture": "#2"},
				"up": {"uv": [0, 0, 1, 1], "texture": "#2"},
				"down": {"uv": [0, 0, 1, 1], "texture": "#2"}
			}
		},
		{
			"from": [8, 1, 0],
			"to": [8.75, 2, 1],
			"faces": {
				"north": {"uv": [0, 0, 1, 1], "texture": "#1"},
				"east": {"uv": [0, 0, 1, 1], "texture": "#1"},
				"south": {"uv": [0, 0, 1, 1], "texture": "#1"},
				"west": {"uv": [0, 0, 1, 1], "texture": "#1"},
				"up": {"uv": [0, 0, 1, 1], "texture": "#1"},
				"down": {"uv": [0, 0, 1, 1], "texture": "#1"}
			}
		},
		{
			"from": [8, 1, 1],
			"to": [8.65, 2, 2],
			"faces": {
				"north": {"uv": [0, 0, 1, 1], "texture": "#2"},
				"east": {"uv": [0, 0, 1, 1], "texture": "#2"},
				"south": {"uv": [0, 0, 1, 1], "texture": "#2"},
				"west": {"uv": [0, 0, 1, 1], "texture": "#2"},
				"up": {"uv": [0, 0, 1, 1], "texture": "#2"},
				"down": {"uv": [0, 0, 1, 1], "texture": "#2"}
			}
		},
		{
			"from": [7.25, 0, 0],
			"to": [8, 1, 1],
			"faces": {
				"north": {"uv": [0, 0, 1, 1], "texture": "#1", "tintindex": 0},
				"east": {"uv": [0, 0, 1, 1], "texture": "#1", "tintindex": 0},
				"south": {"uv": [0, 0, 1, 1], "texture": "#1", "tintindex": 0},
				"west": {"uv": [0, 0, 1, 1], "texture": "#1", "tintindex": 0},
				"up": {"uv": [0, 0, 1, 1], "texture": "#1", "tintindex": 0},
				"down": {"uv": [0, 0, 1, 1], "texture": "#1", "tintindex": 0}
			}
		},
		{
			"from": [7.5, 2, 2],
			"to": [8, 3, 3],
			"faces": {
				"north": {"uv": [0, 0, 0.5, 1], "texture": "#0"},
				"east": {"uv": [0, 0, 0.5, 1], "texture": "#0"},
				"south": {"uv": [0, 0, 0.5, 1], "texture": "#0"},
				"west": {"uv": [0, 0, 0.5, 1], "texture": "#0"},
				"up": {"uv": [0, 0, 0.5, 1], "texture": "#0"},
				"down": {"uv": [0, 0, 0.5, 1], "texture": "#0"}
			}
		},
		{
			"from": [8, 2, 2],
			"to": [8.5, 3, 3],
			"faces": {
				"north": {"uv": [0, 0, 0.5, 1], "texture": "#0"},
				"east": {"uv": [0, 0, 0.5, 1], "texture": "#0"},
				"south": {"uv": [0, 0, 0.5, 1], "texture": "#0"},
				"west": {"uv": [0, 0, 0.5, 1], "texture": "#0"},
				"up": {"uv": [0, 0, 0.5, 1], "texture": "#0"},
				"down": {"uv": [0, 0, 0.5, 1], "texture": "#0"}
			}
		},
		{
			"from": [8, 3, 3],
			"to": [8.5, 4, 4],
			"faces": {
				"north": {"uv": [0, 0, 1, 1], "texture": "#3"},
				"east": {"uv": [0, 0, 1, 1], "texture": "#3"},
				"south": {"uv": [0, 0, 1, 1], "texture": "#3"},
				"west": {"uv": [0, 0, 1, 1], "texture": "#3"},
				"up": {"uv": [0, 0, 1, 1], "texture": "#3"},
				"down": {"uv": [0, 0, 1, 1], "texture": "#3"}
			}
		},
		{
			"from": [8, 4, 4],
			"to": [8.5, 5, 5],
			"faces": {
				"north": {"uv": [0, 0, 1, 1], "texture": "#0"},
				"east": {"uv": [0, 0, 1, 1], "texture": "#0"},
				"south": {"uv": [0, 0, 1, 1], "texture": "#0"},
				"west": {"uv": [0, 0, 1, 1], "texture": "#0"},
				"up": {"uv": [0, 0, 1, 1], "texture": "#0"},
				"down": {"uv": [0, 0, 1, 1], "texture": "#0"}
			}
		},
		{
			"from": [8, 5, 5],
			"to": [8.5, 6, 6],
			"faces": {
				"north": {"uv": [0, 0, 1, 1], "texture": "#3"},
				"east": {"uv": [0, 0, 1, 1], "texture": "#3"},
				"south": {"uv": [0, 0, 1, 1], "texture": "#3"},
				"west": {"uv": [0, 0, 1, 1], "texture": "#3"},
				"up": {"uv": [0, 0, 1, 1], "texture": "#3"},
				"down": {"uv": [0, 0, 1, 1], "texture": "#3"}
			}
		},
		{
			"from": [7.5, 3, 3],
			"to": [8, 4, 4],
			"faces": {
				"north": {"uv": [0, 0, 1, 1], "texture": "#3"},
				"east": {"uv": [0, 0, 1, 1], "texture": "#3"},
				"south": {"uv": [0, 0, 1, 1], "texture": "#3"},
				"west": {"uv": [0, 0, 1, 1], "texture": "#3"},
				"up": {"uv": [0, 0, 1, 1], "texture": "#3"},
				"down": {"uv": [0, 0, 1, 1], "texture": "#3"}
			}
		},
		{
			"from": [7.5, 4, 4],
			"to": [8, 5, 5],
			"faces": {
				"north": {"uv": [0, 0, 1, 1], "texture": "#0"},
				"east": {"uv": [0, 0, 1, 1], "texture": "#0"},
				"south": {"uv": [0, 0, 1, 1], "texture": "#0"},
				"west": {"uv": [0, 0, 1, 1], "texture": "#0"},
				"up": {"uv": [0, 0, 1, 1], "texture": "#0"},
				"down": {"uv": [0, 0, 1, 1], "texture": "#0"}
			}
		},
		{
			"from": [7.5, 5, 5],
			"to": [8, 6, 6],
			"faces": {
				"north": {"uv": [0, 0, 1, 1], "texture": "#3"},
				"east": {"uv": [0, 0, 1, 1], "texture": "#3"},
				"south": {"uv": [0, 0, 1, 1], "texture": "#3"},
				"west": {"uv": [0, 0, 1, 1], "texture": "#3"},
				"up": {"uv": [0, 0, 1, 1], "texture": "#3"},
				"down": {"uv": [0, 0, 1, 1], "texture": "#3"}
			}
		},
		{
			"from": [7.75, 7, 7],
			"to": [8, 8, 8],
			"faces": {
				"north": {"uv": [2, 0, 3, 1], "texture": "#0"},
				"east": {"uv": [2, 0, 3, 1], "texture": "#0"},
				"south": {"uv": [2, 0, 3, 1], "texture": "#0"},
				"west": {"uv": [2, 0, 3, 1], "texture": "#0"},
				"up": {"uv": [2, 0, 3, 1], "texture": "#0"},
				"down": {"uv": [2, 0, 3, 1], "texture": "#0"}
			}
		},
		{
			"from": [7.75, 8, 8],
			"to": [8, 9, 9],
			"faces": {
				"north": {"uv": [4, 0, 5, 1], "texture": "#0"},
				"east": {"uv": [4, 0, 5, 1], "texture": "#0"},
				"south": {"uv": [4, 0, 5, 1], "texture": "#0"},
				"west": {"uv": [4, 0, 5, 1], "texture": "#0"},
				"up": {"uv": [4, 0, 5, 1], "texture": "#0"},
				"down": {"uv": [4, 0, 5, 1], "texture": "#0"}
			}
		},
		{
			"from": [7.75, 9, 9],
			"to": [8, 10, 10],
			"faces": {
				"north": {"uv": [2, 0, 3, 1], "texture": "#0"},
				"east": {"uv": [2, 0, 3, 1], "texture": "#0"},
				"south": {"uv": [2, 0, 3, 1], "texture": "#0"},
				"west": {"uv": [2, 0, 3, 1], "texture": "#0"},
				"up": {"uv": [2, 0, 3, 1], "texture": "#0"},
				"down": {"uv": [2, 0, 3, 1], "texture": "#0"}
			}
		},
		{
			"from": [7.75, 10, 10],
			"to": [8, 11, 11],
			"faces": {
				"north": {"uv": [3, 0, 4, 1], "texture": "#0"},
				"east": {"uv": [3, 0, 4, 1], "texture": "#0"},
				"south": {"uv": [3, 0, 4, 1], "texture": "#0"},
				"west": {"uv": [3, 0, 4, 1], "texture": "#0"},
				"up": {"uv": [3, 0, 4, 1], "texture": "#0"},
				"down": {"uv": [3, 0, 4, 1], "texture": "#0"}
			}
		},
		{
			"from": [7.75, 11, 11],
			"to": [8, 12, 12],
			"faces": {
				"north": {"uv": [2, 0, 3, 1], "texture": "#0"},
				"east": {"uv": [2, 0, 3, 1], "texture": "#0"},
				"south": {"uv": [2, 0, 3, 1], "texture": "#0"},
				"west": {"uv": [2, 0, 3, 1], "texture": "#0"},
				"up": {"uv": [2, 0, 3, 1], "texture": "#0"},
				"down": {"uv": [2, 0, 3, 1], "texture": "#0"}
			}
		},
		{
			"from": [7.75, 6, 6],
			"to": [8, 7, 7],
			"faces": {
				"north": {"uv": [2, 0, 3, 1], "texture": "#0"},
				"east": {"uv": [2, 0, 3, 1], "texture": "#0"},
				"south": {"uv": [2, 0, 3, 1], "texture": "#0"},
				"west": {"uv": [2, 0, 3, 1], "texture": "#0"},
				"up": {"uv": [2, 0, 3, 1], "texture": "#0"},
				"down": {"uv": [2, 0, 3, 1], "texture": "#0"}
			}
		},
		{
			"from": [8, 7, 7],
			"to": [8.25, 8, 8],
			"faces": {
				"north": {"uv": [2, 0, 3.25, 1], "texture": "#0"},
				"east": {"uv": [2, 0, 3.25, 1], "texture": "#0"},
				"south": {"uv": [2, 0, 3.25, 1], "texture": "#0"},
				"west": {"uv": [2, 0, 3.25, 1], "texture": "#0"},
				"up": {"uv": [2, 0, 3.25, 1], "texture": "#0"},
				"down": {"uv": [2, 0, 3.25, 1], "texture": "#0"}
			}
		},
		{
			"from": [8, 8, 8],
			"to": [8.25, 9, 9],
			"faces": {
				"north": {"uv": [3, 0, 4, 1], "texture": "#0"},
				"east": {"uv": [3, 0, 4, 1], "texture": "#0"},
				"south": {"uv": [3, 0, 4, 1], "texture": "#0"},
				"west": {"uv": [3, 0, 4, 1], "texture": "#0"},
				"up": {"uv": [3, 0, 4, 1], "texture": "#0"},
				"down": {"uv": [3, 0, 4, 1], "texture": "#0"}
			}
		},
		{
			"from": [8, 9, 9],
			"to": [8.25, 10, 10],
			"faces": {
				"north": {"uv": [2, 0, 3, 1], "texture": "#0"},
				"east": {"uv": [2, 0, 3, 1], "texture": "#0"},
				"south": {"uv": [2, 0, 3, 1], "texture": "#0"},
				"west": {"uv": [2, 0, 3, 1], "texture": "#0"},
				"up": {"uv": [2, 0, 3, 1], "texture": "#0"},
				"down": {"uv": [2, 0, 3, 1], "texture": "#0"}
			}
		},
		{
			"from": [8, 10, 10],
			"to": [8.25, 11, 11],
			"faces": {
				"north": {"uv": [3, 0, 4, 1], "texture": "#0"},
				"east": {"uv": [3, 0, 4, 1], "texture": "#0"},
				"south": {"uv": [3, 0, 4, 1], "texture": "#0"},
				"west": {"uv": [3, 0, 4, 1], "texture": "#0"},
				"up": {"uv": [3, 0, 4, 1], "texture": "#0"},
				"down": {"uv": [3, 0, 4, 1], "texture": "#0"}
			}
		},
		{
			"from": [8, 11, 11],
			"to": [8.25, 12, 12],
			"faces": {
				"north": {"uv": [2, 0, 3, 1], "texture": "#0"},
				"east": {"uv": [2, 0, 3, 1], "texture": "#0"},
				"south": {"uv": [2, 0, 3, 1], "texture": "#0"},
				"west": {"uv": [2, 0, 3, 1], "texture": "#0"},
				"up": {"uv": [2, 0, 3, 1], "texture": "#0"},
				"down": {"uv": [2, 0, 3, 1], "texture": "#0"}
			}
		},
		{
			"from": [8, 6, 6],
			"to": [8.25, 7, 7],
			"faces": {
				"north": {"uv": [2, 0, 3, 1], "texture": "#0"},
				"east": {"uv": [2, 0, 3, 1], "texture": "#0"},
				"south": {"uv": [2, 0, 3, 1], "texture": "#0"},
				"west": {"uv": [2, 0, 3, 1], "texture": "#0"},
				"up": {"uv": [2, 0, 3, 1], "texture": "#0"},
				"down": {"uv": [2, 0, 3, 1], "texture": "#0"}
			}
		},
		{
			"from": [7.5, 1, 2],
			"to": [8.5, 2, 2.25],
			"faces": {
				"north": {"uv": [0, 0, 1, 1], "texture": "#1"},
				"east": {"uv": [0, 0, 1, 1], "texture": "#1"},
				"south": {"uv": [0, 0, 1, 1], "texture": "#3"},
				"west": {"uv": [0, 0, 1, 1], "texture": "#1"},
				"up": {"uv": [0, 0, 1, 1], "texture": "#1"},
				"down": {"uv": [0, 0, 1, 1], "texture": "#1"}
			}
		},
		{
			"from": [7.5, 2, 1],
			"to": [8.5, 2.25, 2],
			"faces": {
				"north": {"uv": [0, 0, 1, 1], "texture": "#1"},
				"east": {"uv": [0, 0, 1, 1], "texture": "#1"},
				"south": {"uv": [0, 0, 1, 1], "texture": "#1"},
				"west": {"uv": [0, 0, 1, 1], "texture": "#1"},
				"up": {"uv": [0, 0, 1, 1], "texture": "#3"},
				"down": {"uv": [0, 0, 1, 1], "texture": "#1"}
			}
		},
		{
			"from": [7.62, 0.5, 2],
			"to": [8.37, 1, 2.15],
			"faces": {
				"north": {"uv": [0, 0, 0.75, 0.5], "rotation": 180, "texture": "#missing"},
				"east": {"uv": [0, 0, 0.15, 0.5], "rotation": 180, "texture": "#missing"},
				"south": {"uv": [0, 0, 0.75, 0.5], "rotation": 180, "texture": "#2"},
				"west": {"uv": [0, 0, 0.15, 0.5], "rotation": 180, "texture": "#missing"},
				"up": {"uv": [0, 0, 0.75, 0.15], "texture": "#missing"},
				"down": {"uv": [0, 0, 0.75, 0.15], "texture": "#missing"}
			}
		},
		{
			"from": [7.62, 2, 0.5],
			"to": [8.37, 2.15, 1],
			"faces": {
				"north": {"uv": [0, 0, 0.75, 0.5], "texture": "#2"},
				"east": {"uv": [0, 0, 0.75, 0.5], "texture": "#2"},
				"south": {"uv": [0, 0, 0.75, 0.5], "texture": "#2"},
				"west": {"uv": [0, 0, 0.75, 0.5], "texture": "#2"},
				"up": {"uv": [0, 0, 0.75, 0.5], "texture": "#2"},
				"down": {"uv": [0, 0, 0.75, 0.5], "texture": "#2"}
			}
		},
		{
			"from": [7.75, 2, 0],
			"to": [8.25, 2.05, 0.5],
			"faces": {
				"north": {"uv": [0, 0, 0.5, 0.5], "texture": "#1"},
				"east": {"uv": [0, 0, 0.5, 0.5], "texture": "#1"},
				"south": {"uv": [0, 0, 0.5, 0.5], "texture": "#1"},
				"west": {"uv": [0, 0, 0.5, 0.5], "texture": "#1"},
				"up": {"uv": [0, 0, 0.5, 0.5], "texture": "#3"},
				"down": {"uv": [0, 0, 0.5, 0.5], "texture": "#1"}
			}
		},
		{
			"from": [7.75, 0, 2],
			"to": [8.25, 0.5, 2.05],
			"faces": {
				"north": {"uv": [0, 0, 0.5, 0.5], "rotation": 180, "texture": "#1"},
				"east": {"uv": [0, 0, 0.5, 0.5], "rotation": 180, "texture": "#1"},
				"south": {"uv": [0, 0, 0.5, 0.5], "rotation": 180, "texture": "#3"},
				"west": {"uv": [0, 0, 0.5, 0.5], "rotation": 180, "texture": "#1"},
				"up": {"uv": [0, 0, 0.5, 0.5], "rotation": 180, "texture": "#1"},
				"down": {"uv": [0, 0, 0.5, 0.5], "rotation": 180, "texture": "#1"}
			}
		},
		{
			"from": [7.5, 3, 2.25],
			"to": [8.5, 3.25, 3],
			"faces": {
				"north": {"uv": [0, 0, 1, 0.75], "texture": "#1"},
				"east": {"uv": [0, 0, 1, 0.75], "texture": "#1"},
				"south": {"uv": [0, 0, 1, 0.75], "texture": "#1"},
				"west": {"uv": [0, 0, 1, 0.75], "texture": "#1"},
				"up": {"uv": [0, 0, 1, 0.75], "texture": "#1"},
				"down": {"uv": [0, 0, 1, 0.75], "texture": "#1"}
			}
		},
		{
			"from": [7.5, 4, 3.25],
			"to": [8.5, 4.25, 4],
			"faces": {
				"north": {"uv": [0, 0, 0.25, 0.75], "rotation": 270, "texture": "#1"},
				"east": {"uv": [0, 0, 0.25, 0.75], "rotation": 270, "texture": "#1"},
				"south": {"uv": [0, 0, 0.25, 0.75], "rotation": 270, "texture": "#1"},
				"west": {"uv": [0, 0, 0.25, 0.75], "rotation": 270, "texture": "#1"},
				"up": {"uv": [0, 0, 0.25, 0.75], "rotation": 270, "texture": "#1"},
				"down": {"uv": [0, 0, 0.25, 0.75], "rotation": 270, "texture": "#1"}
			}
		},
		{
			"from": [7.88, 6, 5.25],
			"to": [8.13, 6.25, 6],
			"faces": {
				"north": {"uv": [0, 0, 0.25, 0.75], "rotation": 270, "texture": "#1"},
				"east": {"uv": [0, 0, 0.25, 0.75], "rotation": 270, "texture": "#1"},
				"south": {"uv": [0, 0, 0.25, 0.75], "rotation": 270, "texture": "#1"},
				"west": {"uv": [0, 0, 0.25, 0.75], "rotation": 270, "texture": "#1"},
				"up": {"uv": [0, 0, 0.25, 0.75], "rotation": 270, "texture": "#1"},
				"down": {"uv": [0, 0, 0.25, 0.75], "rotation": 270, "texture": "#1"}
			}
		},
		{
			"from": [7.5, 2.25, 3],
			"to": [8.5, 3, 3.25],
			"faces": {
				"north": {"uv": [0, 0, 0.25, 0.75], "texture": "#1"},
				"east": {"uv": [0, 0, 0.25, 0.75], "texture": "#1"},
				"south": {"uv": [0, 0, 0.25, 0.75], "texture": "#1"},
				"west": {"uv": [0, 0, 0.25, 0.75], "texture": "#1"},
				"up": {"uv": [0, 0, 0.25, 0.75], "texture": "#1"},
				"down": {"uv": [0, 0, 0.25, 0.75], "texture": "#1"}
			}
		},
		{
			"from": [7.5, 3.25, 4],
			"to": [8.5, 4, 4.25],
			"faces": {
				"north": {"uv": [0, 0, 1, 0.75], "texture": "#1"},
				"east": {"uv": [0, 0, 1, 0.75], "texture": "#1"},
				"south": {"uv": [0, 0, 1, 0.75], "texture": "#1"},
				"west": {"uv": [0, 0, 1, 0.75], "texture": "#1"},
				"up": {"uv": [0, 0, 1, 0.75], "texture": "#1"},
				"down": {"uv": [0, 0, 1, 0.75], "texture": "#1"}
			}
		},
		{
			"from": [7.88, 5.25, 6],
			"to": [8.13, 6, 6.25],
			"faces": {
				"north": {"uv": [0, 0, 0.25, 0.75], "texture": "#1"},
				"east": {"uv": [0, 0, 0.25, 0.75], "texture": "#1"},
				"south": {"uv": [0, 0, 0.25, 0.75], "texture": "#1"},
				"west": {"uv": [0, 0, 0.25, 0.75], "texture": "#1"},
				"up": {"uv": [0, 0, 0.25, 0.75], "texture": "#1"},
				"down": {"uv": [0, 0, 0.25, 0.75], "texture": "#1"}
			}
		},
		{
			"from": [7.5, 1.75, 2.25],
			"to": [8.5, 2, 2.75],
			"faces": {
				"north": {"uv": [0, 0, 1, 0.25], "texture": "#4"},
				"east": {"uv": [0, 0, 1, 0.25], "texture": "#4"},
				"south": {"uv": [0, 0, 1, 0.25], "texture": "#4"},
				"west": {"uv": [0, 0, 1, 0.25], "texture": "#4"},
				"up": {"uv": [0, 0, 1, 0.25], "texture": "#4"},
				"down": {"uv": [0, 0, 1, 0.25], "texture": "#4"}
			}
		},
		{
			"from": [7.5, 3.25, 2.75],
			"to": [8.5, 3.75, 3],
			"faces": {
				"north": {"uv": [0, 0, 1, 0.5], "rotation": 180, "texture": "#4"},
				"east": {"uv": [0, 0, 1, 0.5], "rotation": 180, "texture": "#4"},
				"south": {"uv": [0, 0, 1, 0.5], "rotation": 180, "texture": "#4"},
				"west": {"uv": [0, 0, 1, 0.5], "rotation": 180, "texture": "#4"},
				"up": {"uv": [0, 0, 1, 0.5], "rotation": 180, "texture": "#4"},
				"down": {"uv": [0, 0, 1, 0.5], "rotation": 180, "texture": "#4"}
			}
		},
		{
			"from": [7.5, 2.25, 1.75],
			"to": [8.5, 2.75, 2],
			"faces": {
				"north": {"uv": [1, 3, 0, 2], "texture": "#4"},
				"east": {"uv": [1, 3, 0, 2], "texture": "#4"},
				"south": {"uv": [1, 3, 0, 2], "texture": "#4"},
				"west": {"uv": [1, 3, 0, 2], "texture": "#4"},
				"up": {"uv": [1, 3, 0, 2], "texture": "#4"},
				"down": {"uv": [1, 3, 0, 2], "texture": "#4"}
			}
		},
		{
			"from": [7.5, 4.25, 3.75],
			"to": [8.5, 4.75, 4],
			"faces": {
				"north": {"uv": [0, 0, 1, 0.5], "rotation": 180, "texture": "#4"},
				"east": {"uv": [0, 0, 1, 0.5], "rotation": 180, "texture": "#4"},
				"south": {"uv": [0, 0, 1, 0.5], "rotation": 180, "texture": "#4"},
				"west": {"uv": [0, 0, 1, 0.5], "rotation": 180, "texture": "#4"},
				"up": {"uv": [0, 0, 1, 0.5], "rotation": 180, "texture": "#4"},
				"down": {"uv": [0, 0, 1, 0.5], "rotation": 180, "texture": "#4"}
			}
		},
		{
			"from": [7.75, 6, 5.75],
			"to": [8.25, 6.75, 6],
			"faces": {
				"north": {"uv": [0, 0, 0.5, 0.75], "rotation": 180, "texture": "#4"},
				"east": {"uv": [0, 0, 0.5, 0.75], "rotation": 180, "texture": "#4"},
				"south": {"uv": [0, 0, 0.5, 0.75], "rotation": 180, "texture": "#4"},
				"west": {"uv": [0, 0, 0.5, 0.75], "rotation": 180, "texture": "#4"},
				"up": {"uv": [0, 0, 0.5, 0.75], "rotation": 180, "texture": "#4"},
				"down": {"uv": [0, 0, 0.5, 0.75], "rotation": 180, "texture": "#4"}
			}
		},
		{
			"from": [7.5, 2.75, 3.25],
			"to": [8.5, 3, 3.75],
			"faces": {
				"north": {"uv": [0, 0, 1, 0.25], "texture": "#4"},
				"east": {"uv": [0, 0, 1, 0.25], "texture": "#4"},
				"south": {"uv": [0, 0, 1, 0.25], "texture": "#4"},
				"west": {"uv": [0, 0, 1, 0.25], "texture": "#4"},
				"up": {"uv": [0, 0, 1, 0.25], "texture": "#4"},
				"down": {"uv": [0, 0, 1, 0.25], "texture": "#4"}
			}
		},
		{
			"from": [7.5, 3.75, 4.25],
			"to": [8.5, 4, 4.75],
			"faces": {
				"north": {"uv": [0, 0, 1, 0.5], "texture": "#4"},
				"east": {"uv": [0, 0, 1, 0.5], "texture": "#4"},
				"south": {"uv": [0, 0, 1, 0.5], "texture": "#4"},
				"west": {"uv": [0, 0, 1, 0.5], "texture": "#4"},
				"up": {"uv": [0, 0, 1, 0.5], "texture": "#4"},
				"down": {"uv": [0, 0, 1, 0.5], "texture": "#4"}
			}
		},
		{
			"from": [7.75, 5.75, 6],
			"to": [8.25, 6, 6.75],
			"faces": {
				"north": {"uv": [0, 0, 0.75, 0.25], "texture": "#4"},
				"east": {"uv": [0, 0, 0.75, 0.25], "texture": "#4"},
				"south": {"uv": [0, 0, 0.75, 0.25], "texture": "#4"},
				"west": {"uv": [0, 0, 0.75, 0.25], "texture": "#4"},
				"up": {"uv": [0, 0, 0.75, 0.25], "texture": "#4"},
				"down": {"uv": [0, 0, 0.75, 0.25], "texture": "#4"}
			}
		},
		{
			"from": [7.62, 4.25, 5],
			"to": [8.37, 5, 6],
			"faces": {
				"north": {"uv": [12, 10, 13, 10.75], "texture": "#2"},
				"east": {"uv": [12, 10, 13, 10.75], "texture": "#2"},
				"south": {"uv": [12, 10, 13, 10.75], "texture": "#2"},
				"west": {"uv": [12, 10, 13, 10.75], "texture": "#2"},
				"up": {"uv": [12, 10, 13, 10.75], "texture": "#2"},
				"down": {"uv": [12, 10, 13, 10.75], "texture": "#2"}
			}
		},
		{
			"from": [7.62, 5, 4.25],
			"to": [8.37, 6, 5],
			"faces": {
				"north": {"uv": [13, 10, 13.75, 11], "texture": "#2"},
				"east": {"uv": [13, 10, 13.75, 11], "texture": "#2"},
				"south": {"uv": [13, 10, 13.75, 11], "texture": "#2"},
				"west": {"uv": [13, 10, 13.75, 11], "texture": "#2"},
				"up": {"uv": [13, 10, 13.75, 11], "texture": "#2"},
				"down": {"uv": [13, 10, 13.75, 11], "texture": "#2"}
			}
		},
		{
			"from": [7.85, 3.75, 6.25],
			"to": [8.15, 4, 7],
			"faces": {
				"north": {"uv": [12, 11, 12.75, 11.25], "texture": "#2"},
				"east": {"uv": [12, 11, 12.75, 11.25], "texture": "#2"},
				"south": {"uv": [12, 11, 12.75, 11.25], "texture": "#2"},
				"west": {"uv": [12, 11, 12.75, 11.25], "texture": "#2"},
				"up": {"uv": [12, 11, 12.75, 11.25], "texture": "#2"},
				"down": {"uv": [12, 11, 12.75, 11.25], "texture": "#2"}
			}
		},
		{
			"from": [7.85, 5, 6],
			"to": [8.15, 5.25, 6.75],
			"faces": {
				"north": {"uv": [12, 11, 12.75, 11.25], "texture": "#2"},
				"east": {"uv": [12, 11, 12.75, 11.25], "texture": "#2"},
				"south": {"uv": [12, 11, 12.75, 11.25], "texture": "#2"},
				"west": {"uv": [12, 11, 12.75, 11.25], "texture": "#2"},
				"up": {"uv": [12, 11, 12.75, 11.25], "texture": "#2"},
				"down": {"uv": [12, 11, 12.75, 11.25], "texture": "#2"}
			}
		},
		{
			"from": [7.85, 7, 4],
			"to": [8.15, 7.25, 4.5],
			"faces": {
				"north": {"uv": [13, 10, 13.3, 10.5], "texture": "#2"},
				"east": {"uv": [13, 10, 13.3, 10.5], "texture": "#2"},
				"south": {"uv": [13, 10, 13.3, 10.5], "texture": "#2"},
				"west": {"uv": [13, 10, 13.3, 10.5], "texture": "#2"},
				"up": {"uv": [13, 10, 13.3, 10.5], "texture": "#2"},
				"down": {"uv": [13, 10, 13.3, 10.5], "texture": "#2"}
			}
		},
		{
			"from": [7.85, 6.75, 3.25],
			"to": [8.15, 7, 4],
			"faces": {
				"north": {"uv": [13, 10, 13.75, 10.25], "texture": "#2"},
				"east": {"uv": [13, 10, 13.75, 10.25], "texture": "#2"},
				"south": {"uv": [13, 10, 13.75, 10.25], "texture": "#2"},
				"west": {"uv": [13, 10, 13.75, 10.25], "texture": "#2"},
				"up": {"uv": [13, 10, 13.75, 10.25], "texture": "#2"},
				"down": {"uv": [13, 10, 13.75, 10.25], "texture": "#2"}
			}
		},
		{
			"from": [7.85, 3.25, 6.75],
			"to": [8.15, 4, 7],
			"faces": {
				"north": {"uv": [12, 11, 13, 12], "rotation": 90, "texture": "#2"},
				"east": {"uv": [12, 11, 13, 12], "rotation": 90, "texture": "#2"},
				"south": {"uv": [12, 11, 13, 12], "rotation": 90, "texture": "#2"},
				"west": {"uv": [12, 11, 13, 12], "rotation": 90, "texture": "#2"},
				"up": {"uv": [12, 11, 13, 12], "rotation": 90, "texture": "#2"},
				"down": {"uv": [12, 11, 13, 12], "rotation": 90, "texture": "#2"}
			}
		},
		{
			"from": [7.85, 4, 7],
			"to": [8.15, 4.5, 7.25],
			"faces": {
				"north": {"uv": [12, 11, 13, 12], "rotation": 90, "texture": "#2"},
				"east": {"uv": [12, 11, 13, 12], "rotation": 90, "texture": "#2"},
				"south": {"uv": [12, 11, 13, 12], "rotation": 90, "texture": "#2"},
				"west": {"uv": [12, 11, 13, 12], "rotation": 90, "texture": "#2"},
				"up": {"uv": [12, 11, 13, 12], "rotation": 90, "texture": "#2"},
				"down": {"uv": [12, 11, 13, 12], "rotation": 90, "texture": "#2"}
			}
		},
		{
			"from": [7.85, 3.5, 6.5],
			"to": [8.15, 4, 6.75],
			"faces": {
				"north": {"uv": [12, 11, 12.5, 11.25], "rotation": 90, "texture": "#2"},
				"east": {"uv": [12, 11, 12.5, 11.25], "rotation": 90, "texture": "#2"},
				"south": {"uv": [12, 11, 12.5, 11.25], "rotation": 90, "texture": "#2"},
				"west": {"uv": [12, 11, 12.5, 11.25], "rotation": 90, "texture": "#2"},
				"up": {"uv": [12, 11, 12.5, 11.25], "rotation": 90, "texture": "#2"},
				"down": {"uv": [12, 11, 12.5, 11.25], "rotation": 90, "texture": "#2"}
			}
		},
		{
			"from": [7.85, 6.5, 3.5],
			"to": [8.15, 7, 3.75],
			"faces": {
				"north": {"uv": [13, 10, 13.5, 10.25], "rotation": 90, "texture": "#2"},
				"east": {"uv": [13, 10, 13.5, 10.25], "rotation": 90, "texture": "#2"},
				"south": {"uv": [13, 10, 13.5, 10.25], "rotation": 90, "texture": "#2"},
				"west": {"uv": [13, 10, 13.5, 10.25], "rotation": 90, "texture": "#2"},
				"up": {"uv": [13, 10, 13.5, 10.25], "rotation": 90, "texture": "#2"},
				"down": {"uv": [13, 10, 13.5, 10.25], "rotation": 90, "texture": "#2"}
			}
		},
		{
			"from": [7.85, 6.25, 3.75],
			"to": [8.15, 7, 4],
			"faces": {
				"north": {"uv": [13, 10, 13.75, 10.25], "rotation": 90, "texture": "#2"},
				"east": {"uv": [13, 10, 13.75, 10.25], "rotation": 90, "texture": "#2"},
				"south": {"uv": [13, 10, 13.75, 10.25], "rotation": 90, "texture": "#2"},
				"west": {"uv": [13, 10, 13.75, 10.25], "rotation": 90, "texture": "#2"},
				"up": {"uv": [13, 10, 13.75, 10.25], "rotation": 90, "texture": "#2"},
				"down": {"uv": [13, 10, 13.75, 10.25], "rotation": 90, "texture": "#2"}
			}
		},
		{
			"from": [7.85, 6, 5],
			"to": [8.15, 6.75, 5.25],
			"faces": {
				"north": {"uv": [13, 10, 13.75, 10.25], "rotation": 90, "texture": "#2"},
				"east": {"uv": [13, 10, 13.75, 10.25], "rotation": 90, "texture": "#2"},
				"south": {"uv": [13, 10, 13.75, 10.25], "rotation": 90, "texture": "#2"},
				"west": {"uv": [13, 10, 13.75, 10.25], "rotation": 90, "texture": "#2"},
				"up": {"uv": [13, 10, 13.75, 10.25], "rotation": 90, "texture": "#2"},
				"down": {"uv": [13, 10, 13.75, 10.25], "rotation": 90, "texture": "#2"}
			}
		},
		{
			"from": [7.75, 4, 6],
			"to": [8.25, 5, 7],
			"faces": {
				"north": {"uv": [12, 11, 13, 12], "texture": "#2"},
				"east": {"uv": [12, 11, 13, 12], "texture": "#2"},
				"south": {"uv": [12, 11, 13, 12], "texture": "#2"},
				"west": {"uv": [12, 11, 13, 12], "texture": "#2"},
				"up": {"uv": [12, 11, 13, 12], "texture": "#2"},
				"down": {"uv": [12, 11, 13, 12], "texture": "#2"}
			}
		},
		{
			"from": [7.88, 3, 7],
			"to": [8.13, 3.35, 7.75],
			"faces": {
				"north": {"uv": [10, 12, 11, 13], "texture": "#2"},
				"east": {"uv": [10, 12, 11, 13], "texture": "#2"},
				"south": {"uv": [10, 12, 11, 13], "texture": "#2"},
				"west": {"uv": [10, 12, 11, 13], "texture": "#2"},
				"up": {"uv": [10, 12, 11, 13], "texture": "#2"},
				"down": {"uv": [10, 12, 11, 13], "texture": "#2"}
			}
		},
		{
			"from": [7.75, 6, 4],
			"to": [8.25, 7, 5],
			"faces": {
				"north": {"uv": [13, 10, 14, 11], "texture": "#2"},
				"east": {"uv": [13, 10, 14, 11], "texture": "#2"},
				"south": {"uv": [13, 10, 14, 11], "texture": "#2"},
				"west": {"uv": [13, 10, 14, 11], "texture": "#2"},
				"up": {"uv": [13, 10, 14, 11], "texture": "#2"},
				"down": {"uv": [13, 10, 14, 11], "texture": "#2"}
			}
		},
		{
			"from": [7.88, 7, 3],
			"to": [8.13, 7.75, 3.35],
			"faces": {
				"north": {"uv": [13, 10, 13.25, 10.35], "texture": "#2"},
				"east": {"uv": [13, 10, 13.25, 10.35], "texture": "#2"},
				"south": {"uv": [13, 10, 13.25, 10.35], "texture": "#2"},
				"west": {"uv": [13, 10, 13.25, 10.35], "texture": "#2"},
				"up": {"uv": [13, 10, 13.25, 10.35], "texture": "#2"},
				"down": {"uv": [13, 10, 13.25, 10.35], "texture": "#2"}
			}
		},
		{
			"from": [7.85, 3, 7],
			"to": [8.15, 4, 7.5],
			"faces": {
				"north": {"uv": [12, 10, 13, 11], "texture": "#2"},
				"east": {"uv": [12, 10, 13, 11], "texture": "#2"},
				"south": {"uv": [12, 10, 13, 11], "texture": "#2"},
				"west": {"uv": [12, 10, 13, 11], "texture": "#2"},
				"up": {"uv": [12, 10, 13, 11], "texture": "#2"},
				"down": {"uv": [12, 10, 13, 11], "texture": "#2"}
			}
		},
		{
			"from": [7.85, 7, 3],
			"to": [8.15, 7.5, 4],
			"faces": {
				"north": {"uv": [13, 10, 13.5, 11], "rotation": 90, "texture": "#2"},
				"east": {"uv": [13, 10, 13.5, 11], "rotation": 90, "texture": "#2"},
				"south": {"uv": [13, 10, 13.5, 11], "rotation": 90, "texture": "#2"},
				"west": {"uv": [13, 10, 13.5, 11], "rotation": 90, "texture": "#2"},
				"up": {"uv": [13, 10, 13.5, 11], "rotation": 90, "texture": "#2"},
				"down": {"uv": [13, 10, 13.5, 11], "rotation": 90, "texture": "#2"}
			}
		},
		{
			"from": [7.88, 6.25, 7],
			"to": [8.13, 7, 7.25],
			"faces": {
				"north": {"uv": [0, 0, 0.25, 0.75], "texture": "#0"},
				"east": {"uv": [0, 0, 0.25, 0.75], "texture": "#0"},
				"south": {"uv": [0, 0, 0.25, 0.75], "texture": "#0"},
				"west": {"uv": [0, 0, 0.25, 0.75], "texture": "#0"},
				"up": {"uv": [0, 0, 0.25, 0.75], "texture": "#0"},
				"down": {"uv": [0, 0, 0.25, 0.75], "texture": "#0"}
			}
		},
		{
			"from": [7.88, 7, 6.75],
			"to": [8.13, 7.75, 7],
			"faces": {
				"north": {"uv": [0, 0, 0.25, 0.75], "texture": "#0"},
				"east": {"uv": [0, 0, 0.25, 0.75], "texture": "#0"},
				"south": {"uv": [0, 0, 0.25, 0.75], "texture": "#0"},
				"west": {"uv": [0, 0, 0.25, 0.75], "texture": "#0"},
				"up": {"uv": [0, 0, 0.25, 0.75], "texture": "#0"},
				"down": {"uv": [0, 0, 0.25, 0.75], "texture": "#0"}
			}
		},
		{
			"from": [7.88, 8, 7.75],
			"to": [8.13, 8.75, 8],
			"faces": {
				"north": {"uv": [0, 0, 0.25, 0.75], "texture": "#0"},
				"east": {"uv": [0, 0, 0.25, 0.75], "texture": "#0"},
				"south": {"uv": [0, 0, 0.25, 0.75], "texture": "#0"},
				"west": {"uv": [0, 0, 0.25, 0.75], "texture": "#0"},
				"up": {"uv": [0, 0, 0.25, 0.75], "texture": "#0"},
				"down": {"uv": [0, 0, 0.25, 0.75], "texture": "#0"}
			}
		},
		{
			"from": [7.88, 9, 8.75],
			"to": [8.13, 9.75, 9],
			"faces": {
				"north": {"uv": [0, 0, 0.25, 0.75], "texture": "#0"},
				"east": {"uv": [0, 0, 0.25, 0.75], "texture": "#0"},
				"south": {"uv": [0, 0, 0.25, 0.75], "texture": "#0"},
				"west": {"uv": [0, 0, 0.25, 0.75], "texture": "#0"},
				"up": {"uv": [0, 0, 0.25, 0.75], "texture": "#0"},
				"down": {"uv": [0, 0, 0.25, 0.75], "texture": "#0"}
			}
		},
		{
			"from": [7.88, 10, 9.75],
			"to": [8.13, 10.75, 10],
			"faces": {
				"north": {"uv": [0, 0, 0.25, 0.75], "texture": "#0"},
				"east": {"uv": [0, 0, 0.25, 0.75], "texture": "#0"},
				"south": {"uv": [0, 0, 0.25, 0.75], "texture": "#0"},
				"west": {"uv": [0, 0, 0.25, 0.75], "texture": "#0"},
				"up": {"uv": [0, 0, 0.25, 0.75], "texture": "#0"},
				"down": {"uv": [0, 0, 0.25, 0.75], "texture": "#0"}
			}
		},
		{
			"from": [7.88, 11, 10.75],
			"to": [8.13, 11.75, 11],
			"faces": {
				"north": {"uv": [0, 0, 0.25, 0.75], "texture": "#0"},
				"east": {"uv": [0, 0, 0.25, 0.75], "texture": "#0"},
				"south": {"uv": [0, 0, 0.25, 0.75], "texture": "#0"},
				"west": {"uv": [0, 0, 0.25, 0.75], "texture": "#0"},
				"up": {"uv": [0, 0, 0.25, 0.75], "texture": "#0"},
				"down": {"uv": [0, 0, 0.25, 0.75], "texture": "#0"}
			}
		},
		{
			"from": [7.88, 11.25, 12],
			"to": [8.13, 12.25, 12.25],
			"faces": {
				"north": {"uv": [0, 0, 0.25, 1], "texture": "#0"},
				"east": {"uv": [0, 0, 0.25, 1], "texture": "#0"},
				"south": {"uv": [0, 0, 0.25, 1], "texture": "#0"},
				"west": {"uv": [0, 0, 0.25, 1], "texture": "#0"},
				"up": {"uv": [0, 0, 0.25, 1], "texture": "#0"},
				"down": {"uv": [0, 0, 0.25, 1], "texture": "#0"}
			}
		},
		{
			"from": [7.88, 7.25, 8],
			"to": [8.13, 8, 8.25],
			"faces": {
				"north": {"uv": [0, 0, 0.25, 0.75], "texture": "#0"},
				"east": {"uv": [0, 0, 0.25, 0.75], "texture": "#0"},
				"south": {"uv": [0, 0, 0.25, 0.75], "texture": "#0"},
				"west": {"uv": [0, 0, 0.25, 0.75], "texture": "#0"},
				"up": {"uv": [0, 0, 0.25, 0.75], "texture": "#0"},
				"down": {"uv": [0, 0, 0.25, 0.75], "texture": "#0"}
			}
		},
		{
			"from": [7.88, 8.25, 9],
			"to": [8.13, 9, 9.25],
			"faces": {
				"north": {"uv": [0, 0, 0.25, 0.75], "texture": "#0"},
				"east": {"uv": [0, 0, 0.25, 0.75], "texture": "#0"},
				"south": {"uv": [0, 0, 0.25, 0.75], "texture": "#0"},
				"west": {"uv": [0, 0, 0.25, 0.75], "texture": "#0"},
				"up": {"uv": [0, 0, 0.25, 0.75], "texture": "#0"},
				"down": {"uv": [0, 0, 0.25, 0.75], "texture": "#0"}
			}
		},
		{
			"from": [7.88, 9.25, 10],
			"to": [8.13, 10, 10.25],
			"faces": {
				"north": {"uv": [0, 0, 0.25, 0.75], "texture": "#0"},
				"east": {"uv": [0, 0, 0.25, 0.75], "texture": "#0"},
				"south": {"uv": [0, 0, 0.25, 0.75], "texture": "#0"},
				"west": {"uv": [0, 0, 0.25, 0.75], "texture": "#0"},
				"up": {"uv": [0, 0, 0.25, 0.75], "texture": "#0"},
				"down": {"uv": [0, 0, 0.25, 0.75], "texture": "#0"}
			}
		},
		{
			"from": [7.88, 10.25, 11],
			"to": [8.13, 11, 11.25],
			"faces": {
				"north": {"uv": [0, 0, 0.25, 0.75], "texture": "#missing"},
				"east": {"uv": [0, 0, 0.25, 0.75], "texture": "#0"},
				"south": {"uv": [0, 0, 0.25, 0.75], "texture": "#0"},
				"west": {"uv": [0, 0, 0.25, 0.75], "texture": "#0"},
				"up": {"uv": [0, 0, 0.25, 0.75], "texture": "#missing"},
				"down": {"uv": [0, 0, 0.25, 0.75], "texture": "#0"}
			}
		},
		{
			"from": [7.88, 6.75, 7],
			"to": [8.13, 7, 7.75],
			"faces": {
				"north": {"uv": [0, 0, 0.25, 0.75], "rotation": 270, "texture": "#0"},
				"east": {"uv": [0, 0, 0.25, 0.75], "rotation": 270, "texture": "#0"},
				"south": {"uv": [0, 0, 0.25, 0.75], "rotation": 270, "texture": "#0"},
				"west": {"uv": [0, 0, 0.25, 0.75], "rotation": 270, "texture": "#0"},
				"up": {"uv": [0, 0, 0.25, 0.75], "rotation": 270, "texture": "#0"},
				"down": {"uv": [0, 0, 0.25, 0.75], "rotation": 270, "texture": "#0"}
			}
		},
		{
			"from": [7.88, 7, 6.25],
			"to": [8.13, 7.25, 7],
			"faces": {
				"north": {"uv": [0, 0, 0.25, 0.75], "rotation": 270, "texture": "#0"},
				"east": {"uv": [0, 0, 0.25, 0.75], "rotation": 270, "texture": "#0"},
				"south": {"uv": [0, 0, 0.25, 0.75], "rotation": 270, "texture": "#0"},
				"west": {"uv": [0, 0, 0.25, 0.75], "rotation": 270, "texture": "#0"},
				"up": {"uv": [0, 0, 0.25, 0.75], "rotation": 270, "texture": "#0"},
				"down": {"uv": [0, 0, 0.25, 0.75], "rotation": 270, "texture": "#0"}
			}
		},
		{
			"from": [7.88, 8, 7.25],
			"to": [8.13, 8.25, 8],
			"faces": {
				"north": {"uv": [0, 0, 0.25, 0.75], "rotation": 270, "texture": "#0"},
				"east": {"uv": [0, 0, 0.25, 0.75], "rotation": 270, "texture": "#0"},
				"south": {"uv": [0, 0, 0.25, 0.75], "rotation": 270, "texture": "#0"},
				"west": {"uv": [0, 0, 0.25, 0.75], "rotation": 270, "texture": "#0"},
				"up": {"uv": [0, 0, 0.25, 0.75], "rotation": 270, "texture": "#0"},
				"down": {"uv": [0, 0, 0.25, 0.75], "rotation": 270, "texture": "#0"}
			}
		},
		{
			"from": [7.88, 9, 8.25],
			"to": [8.13, 9.25, 9],
			"faces": {
				"north": {"uv": [0, 0, 0.25, 0.75], "rotation": 270, "texture": "#0"},
				"east": {"uv": [0, 0, 0.25, 0.75], "rotation": 270, "texture": "#0"},
				"south": {"uv": [0, 0, 0.25, 0.75], "rotation": 270, "texture": "#0"},
				"west": {"uv": [0, 0, 0.25, 0.75], "rotation": 270, "texture": "#0"},
				"up": {"uv": [0, 0, 0.25, 0.75], "rotation": 270, "texture": "#0"},
				"down": {"uv": [0, 0, 0.25, 0.75], "rotation": 270, "texture": "#0"}
			}
		},
		{
			"from": [7.88, 10, 9.25],
			"to": [8.13, 10.25, 10],
			"faces": {
				"north": {"uv": [0, 0, 0.25, 0.75], "rotation": 90, "texture": "#0"},
				"east": {"uv": [0, 0, 0.25, 0.75], "rotation": 90, "texture": "#0"},
				"south": {"uv": [0, 0, 0.25, 0.75], "rotation": 90, "texture": "#0"},
				"west": {"uv": [0, 0, 0.25, 0.75], "rotation": 90, "texture": "#0"},
				"up": {"uv": [0, 0, 0.25, 0.75], "rotation": 90, "texture": "#0"},
				"down": {"uv": [0, 0, 0.25, 0.75], "rotation": 90, "texture": "#0"}
			}
		},
		{
			"from": [7.88, 11, 10.25],
			"to": [8.13, 11.25, 11],
			"faces": {
				"north": {"uv": [0, 0, 0.25, 0.75], "rotation": 270, "texture": "#0"},
				"east": {"uv": [0, 0, 0.25, 0.75], "rotation": 270, "texture": "#0"},
				"south": {"uv": [0, 0, 0.25, 0.75], "rotation": 270, "texture": "#0"},
				"west": {"uv": [0, 0, 0.25, 0.75], "rotation": 270, "texture": "#0"},
				"up": {"uv": [0, 0, 0.25, 0.75], "rotation": 270, "texture": "#0"},
				"down": {"uv": [0, 0, 0.25, 0.75], "rotation": 270, "texture": "#0"}
			}
		},
		{
			"from": [7.88, 12, 11.25],
			"to": [8.13, 12.25, 12.25],
			"faces": {
				"north": {"uv": [0, 0, 0.25, 1], "rotation": 180, "texture": "#0"},
				"east": {"uv": [0, 0, 0.25, 1], "rotation": 180, "texture": "#0"},
				"south": {"uv": [0, 0, 0.25, 1], "rotation": 180, "texture": "#0"},
				"west": {"uv": [0, 0, 0.25, 1], "rotation": 180, "texture": "#0"},
				"up": {"uv": [0, 0, 0.25, 1], "rotation": 180, "texture": "#0"},
				"down": {"uv": [0, 0, 0.25, 1], "rotation": 180, "texture": "#0"}
			}
		},
		{
			"from": [7.88, 7.75, 8],
			"to": [8.13, 8, 8.75],
			"faces": {
				"north": {"uv": [0, 0, 0.25, 0.75], "rotation": 270, "texture": "#0"},
				"east": {"uv": [0, 0, 0.25, 0.75], "rotation": 270, "texture": "#0"},
				"south": {"uv": [0, 0, 0.25, 0.75], "rotation": 270, "texture": "#0"},
				"west": {"uv": [0, 0, 0.25, 0.75], "rotation": 270, "texture": "#0"},
				"up": {"uv": [0, 0, 0.25, 0.75], "rotation": 270, "texture": "#0"},
				"down": {"uv": [0, 0, 0.25, 0.75], "rotation": 270, "texture": "#0"}
			}
		},
		{
			"from": [7.88, 8.75, 9],
			"to": [8.13, 9, 9.75],
			"faces": {
				"north": {"uv": [0, 0, 0.25, 0.75], "rotation": 270, "texture": "#0"},
				"east": {"uv": [0, 0, 0.25, 0.75], "rotation": 270, "texture": "#0"},
				"south": {"uv": [0, 0, 0.25, 0.75], "rotation": 270, "texture": "#0"},
				"west": {"uv": [0, 0, 0.25, 0.75], "rotation": 270, "texture": "#0"},
				"up": {"uv": [0, 0, 0.25, 0.75], "rotation": 270, "texture": "#0"},
				"down": {"uv": [0, 0, 0.25, 0.75], "rotation": 270, "texture": "#0"}
			}
		},
		{
			"from": [7.88, 9.75, 10],
			"to": [8.13, 10, 10.75],
			"faces": {
				"north": {"uv": [0, 0, 0.25, 0.75], "rotation": 90, "texture": "#0"},
				"east": {"uv": [0, 0, 0.25, 0.75], "rotation": 90, "texture": "#0"},
				"south": {"uv": [0, 0, 0.25, 0.75], "rotation": 90, "texture": "#0"},
				"west": {"uv": [0, 0, 0.25, 0.75], "rotation": 90, "texture": "#0"},
				"up": {"uv": [0, 0, 0.25, 0.75], "rotation": 90, "texture": "#0"},
				"down": {"uv": [0, 0, 0.25, 0.75], "rotation": 90, "texture": "#0"}
			}
		},
		{
			"from": [7.88, 10.75, 11],
			"to": [8.13, 11, 11.75],
			"faces": {
				"north": {"uv": [0, 0, 0.25, 0.75], "rotation": 270, "texture": "#0"},
				"east": {"uv": [0, 0, 0.25, 0.75], "rotation": 270, "texture": "#0"},
				"south": {"uv": [0, 0, 0.25, 0.75], "rotation": 270, "texture": "#0"},
				"west": {"uv": [0, 0, 0.25, 0.75], "rotation": 270, "texture": "#0"},
				"up": {"uv": [0, 0, 0.25, 0.75], "rotation": 270, "texture": "#0"},
				"down": {"uv": [0, 0, 0.25, 0.75], "rotation": 270, "texture": "#0"}
			}
		},
		{
			"from": [7.93, 6.5, 7.2],
			"to": [8.08, 6.8, 7.5],
			"faces": {
				"north": {"uv": [0, 0, 0.3, 0.3], "texture": "#1"},
				"east": {"uv": [0, 0, 0.3, 0.3], "texture": "#1"},
				"south": {"uv": [0, 0, 0.3, 0.3], "texture": "#1"},
				"west": {"uv": [0, 0, 0.3, 0.3], "texture": "#1"},
				"up": {"uv": [0, 0, 0.3, 0.3], "texture": "#1"},
				"down": {"uv": [0, 0, 0.3, 0.3], "texture": "#1"}
			}
		},
		{
			"from": [7.93, 7.5, 8.2],
			"to": [8.08, 7.8, 8.5],
			"faces": {
				"north": {"uv": [0, 0, 0.3, 0.3], "texture": "#1"},
				"east": {"uv": [0, 0, 0.3, 0.3], "texture": "#1"},
				"south": {"uv": [0, 0, 0.3, 0.3], "texture": "#1"},
				"west": {"uv": [0, 0, 0.3, 0.3], "texture": "#1"},
				"up": {"uv": [0, 0, 0.3, 0.3], "texture": "#1"},
				"down": {"uv": [0, 0, 0.3, 0.3], "texture": "#1"}
			}
		},
		{
			"from": [7.93, 8.5, 9.2],
			"to": [8.08, 8.8, 9.5],
			"faces": {
				"north": {"uv": [0, 0, 0.3, 0.3], "texture": "#1"},
				"east": {"uv": [0, 0, 0.3, 0.3], "texture": "#1"},
				"south": {"uv": [0, 0, 0.3, 0.3], "texture": "#1"},
				"west": {"uv": [0, 0, 0.3, 0.3], "texture": "#1"},
				"up": {"uv": [0, 0, 0.3, 0.3], "texture": "#1"},
				"down": {"uv": [0, 0, 0.3, 0.3], "texture": "#1"}
			}
		},
		{
			"from": [7.93, 9.5, 10.2],
			"to": [8.08, 9.8, 10.5],
			"faces": {
				"north": {"uv": [0, 0, 0.3, 0.3], "texture": "#1"},
				"east": {"uv": [0, 0, 0.3, 0.3], "texture": "#1"},
				"south": {"uv": [0, 0, 0.3, 0.3], "texture": "#1"},
				"west": {"uv": [0, 0, 0.3, 0.3], "texture": "#1"},
				"up": {"uv": [0, 0, 0.3, 0.3], "texture": "#1"},
				"down": {"uv": [0, 0, 0.3, 0.3], "texture": "#1"}
			}
		},
		{
			"from": [7.93, 10.5, 11.2],
			"to": [8.08, 10.8, 11.5],
			"faces": {
				"north": {"uv": [0, 0, 0.3, 0.3], "texture": "#1"},
				"east": {"uv": [0, 0, 0.3, 0.3], "texture": "#1"},
				"south": {"uv": [0, 0, 0.3, 0.3], "texture": "#1"},
				"west": {"uv": [0, 0, 0.3, 0.3], "texture": "#1"},
				"up": {"uv": [0, 0, 0.3, 0.3], "texture": "#1"},
				"down": {"uv": [0, 0, 0.3, 0.3], "texture": "#1"}
			}
		},
		{
			"from": [7.93, 11.2, 10.5],
			"to": [8.08, 11.5, 10.8],
			"faces": {
				"north": {"uv": [0, 0, 0.3, 0.3], "texture": "#1"},
				"east": {"uv": [0, 0, 0.3, 0.3], "texture": "#1"},
				"south": {"uv": [0, 0, 0.3, 0.3], "texture": "#1"},
				"west": {"uv": [0, 0, 0.3, 0.3], "texture": "#1"},
				"up": {"uv": [0, 0, 0.3, 0.3], "texture": "#1"},
				"down": {"uv": [0, 0, 0.3, 0.3], "texture": "#1"}
			}
		},
		{
			"from": [7.93, 10.2, 9.5],
			"to": [8.08, 10.5, 9.8],
			"faces": {
				"north": {"uv": [0, 0, 0.3, 0.3], "texture": "#1"},
				"east": {"uv": [0, 0, 0.3, 0.3], "texture": "#1"},
				"south": {"uv": [0, 0, 0.3, 0.3], "texture": "#1"},
				"west": {"uv": [0, 0, 0.3, 0.3], "texture": "#1"},
				"up": {"uv": [0, 0, 0.3, 0.3], "texture": "#1"},
				"down": {"uv": [0, 0, 0.3, 0.3], "texture": "#1"}
			}
		},
		{
			"from": [7.93, 9.2, 8.5],
			"to": [8.08, 9.5, 8.8],
			"faces": {
				"north": {"uv": [0, 0, 1, 1], "texture": "#1"},
				"east": {"uv": [0, 0, 1, 1], "texture": "#1"},
				"south": {"uv": [0, 0, 1, 1], "texture": "#1"},
				"west": {"uv": [0, 0, 1, 1], "texture": "#1"},
				"up": {"uv": [0, 0, 1, 1], "texture": "#1"},
				"down": {"uv": [0, 0, 1, 1], "texture": "#1"}
			}
		},
		{
			"from": [7.93, 8.2, 7.5],
			"to": [8.08, 8.5, 7.8],
			"faces": {
				"north": {"uv": [0, 0, 0.3, 0.3], "texture": "#1"},
				"east": {"uv": [0, 0, 0.3, 0.3], "texture": "#1"},
				"south": {"uv": [0, 0, 0.3, 0.3], "texture": "#1"},
				"west": {"uv": [0, 0, 0.3, 0.3], "texture": "#1"},
				"up": {"uv": [0, 0, 0.3, 0.3], "texture": "#1"},
				"down": {"uv": [0, 0, 0.3, 0.3], "texture": "#1"}
			}
		},
		{
			"from": [7.93, 7.2, 6.5],
			"to": [8.08, 7.5, 6.8],
			"faces": {
				"north": {"uv": [0, 0, 0.3, 0.3], "texture": "#1"},
				"east": {"uv": [0, 0, 0.3, 0.3], "texture": "#1"},
				"south": {"uv": [0, 0, 0.3, 0.3], "texture": "#1"},
				"west": {"uv": [0, 0, 0.3, 0.3], "texture": "#1"},
				"up": {"uv": [0, 0, 0.3, 0.3], "texture": "#1"},
				"down": {"uv": [0, 0, 0.3, 0.3], "texture": "#1"}
			}
		}
	],
	"display": {
		"thirdperson_righthand": {
			"rotation": [-9.25, 0, 0],
			"translation": [0, 7.75, 7],
			"scale": [1, 1.5, 1.5]
		},
		"thirdperson_lefthand": {
			"rotation": [-9.3, 0, 0],
			"translation": [0, 7.75, 7],
			"scale": [1, 1.5, 1.5]
		},
		"firstperson_righthand": {
			"rotation": [-75, 0, 0],
			"translation": [-3, 6.75, 2],
			"scale": [1, 1.1, 1.1]
		},
		"firstperson_lefthand": {
			"rotation": [-75, 0, 0],
			"translation": [-3, 6.75, 2],
			"scale": [1, 1.1, 1.1]
		},
		"ground": {
			"rotation": [175.5, 0, 0],
			"scale": [1, 1.2, 1.2]
		},
		"gui": {
			"rotation": [0, 84, 0],
			"translation": [2.25, 2.5, 0],
			"scale": [1, 1.2, 1.2]
		},
		"head": {
			"rotation": [89.25, 0, 0],
			"translation": [0, 8.25, -8.5],
			"scale": [1, 1.54102, 1.33008]
		},
		"fixed": {
			"rotation": [0, 90.75, 0],
			"translation": [1.75, 1.75, -0.25],
			"scale": [1, 1.2, 1.2]
		}
	},
	"groups": [
		{
			"name": "bas du manche",
			"origin": [8, 8, 8],
			"children": [0, 1, 2, 3, 4, 5, 6, 7]
		},
		{
			"name": "manche et lame",
			"origin": [8, 8, 8],
			"children": [8, 9, 10, 11, 12, 13, 14, 15, 16, 17, 18, 19, 20, 21, 22, 23, 24, 25, 26, 27, 28, 29, 30, 31, 32, 33, 34, 35, 36, 37, 38, 39, 40, 41, 42, 43, 44, 45, 46, 47, 48, 49, 50, 51, 52, 53, 54, 55, 56, 57, 58, 59, 60, 61, 62, 63, 64, 65, 66, 67, 68, 69, 70, 71, 72, 73, 74, 75, 76, 77, 78, 79, 80, 81, 82, 83, 84, 85, 86, 87, 88, 89, 90, 91, 92, 93, 94, 95, 96, 97]
		}
	]
}