{
  "display": {
    "background": "minecraft:textures/block/stone.png",
    "icon": {
      "item": "promptium:promptiumoreblock"
    },
    "title": {
      "translate": "advancements.promptiumachievement.title"
    },
    "description": {
      "translate": "advancements.promptiumachievement.descr"
    },
    "frame": "goal",
    "show_toast": true,
    "announce_to_chat": true,
    "hidden": true
  },
  "criteria": {
    "promptiumachievement": {
      "trigger": "minecraft:impossible"
    }
  },
  "rewards": {
    "experience": 5
  }
}