{
  "_fv": 6,
  "_type": "tool",
  "definition": {
    "renderType": 1,
    "texture": "big_sword_texture",
    "customModelName": "big_sword1:default",
    "name": "Bigsword",
    "creativeTab": {
      "value": "COMBAT"
    },
    "toolType": "Sword",
    "harvestLevel": 10,
    "efficiency": 10.0,
    "attackSpeed": 10.0,
    "enchantability": 25,
    "damageVsEntity": 30.0,
    "usageCount": 1000,
    "blocksAffected": [],
    "hasGlow": false,
    "repairItems": [],
    "onCrafted": {
      "name": "BigswordItemIsCraftedsmelted"
    },
    "onEntityHitWith": {
      "name": "BigswordMobIsHitWithItem"
    }
  }
}