{
  "_fv": 6,
  "_type": "block",
  "definition": {
    "texture": "crafting_table2",
    "textureTop": "crafting_table_top",
    "textureLeft": "crafting_table2",
    "textureFront": "crafting_table2",
    "textureRight": "crafting_table2",
    "textureBack": "crafting_table2",
    "renderType": 2,
    "customModelName": "crafting_table:default",
    "rotationMode": 0,
    "hasTransparency": true,
    "transparencyType": "CUTOUT",
    "mx": 0.0,
    "my": 0.0,
    "mz": 0.0,
    "Mx": 1.0,
    "My": 1.0,
    "Mz": 1.0,
    "faceShape": "SOLID",
    "name": "Craftingtable",
    "specialInfo": [],
    "hardness": 1.0,
    "resistance": 10.0,
    "hasGravity": false,
    "creativeTab": {
      "value": "MISC"
    },
    "destroyTool": "axe",
    "affectedBySilkTouch": true,
    "customDrop": {
      "value": ""
    },
    "dropAmount": 1,
    "isBeaconBase": false,
    "enchantPowerBonus": 0.0,
    "plantsGrowOn": false,
    "canProvidePower": false,
    "lightOpacity": 0,
    "material": {
      "value": "IRON"
    },
    "tickRate": 10,
    "tickRandomly": false,
    "isReplaceable": false,
    "colorOnMap": "DEFAULT",
    "creativePickItem": {
      "value": ""
    },
    "flammability": 0,
    "fireSpreadSpeed": 0,
    "isLadder": false,
    "slipperiness": 0.6,
    "reactionToPushing": "NORMAL",
    "isNotColidable": false,
    "soundOnStep": {
      "value": "METAL"
    },
    "luminance": 0.0,
    "unbreakable": false,
    "breakHarvestLevel": 1,
    "spawnParticles": false,
    "particleToSpawn": {
      "value": "EXPLOSION_NORMAL"
    },
    "particleSpawningShape": "Spread",
    "particleSpawningRadious": 0.5,
    "particleAmount": 4,
    "particleSpawningCondition": "ALWAYS",
    "hasInventory": true,
    "guiBoundTo": "Craftingtablegui",
    "openGUIOnRightClick": true,
    "inventorySize": 10,
    "inventoryStackSize": 64,
    "inventoryDropWhenDestroyed": true,
    "inventoryComparatorPower": true,
    "inventoryOutSlotIDs": [],
    "spawnWorldTypes": [],
    "restrictionBiomes": [],
    "blocksToReplace": [],
    "frequencyPerChunks": 1,
    "frequencyOnChunk": 1,
    "minGenerateHeight": 0,
    "maxGenerateHeight": 0
  }
}