{
  "_fv": 6,
  "_type": "gui",
  "definition": {
    "type": 1,
    "width": 352,
    "height": 332,
    "renderBgLayer": true,
    "components": [
      {
        "type": "inputslot",
        "data": {
          "inputLimit": {
            "value": ""
          },
          "color": {
            "value": -12566464,
            "falpha": 0.0
          },
          "id": 0,
          "name": "Slot #0",
          "x": 300,
          "y": 114
        }
      },
      {
        "type": "inputslot",
        "data": {
          "inputLimit": {
            "value": ""
          },
          "color": {
            "value": -12566464,
            "falpha": 0.0
          },
          "id": 1,
          "name": "Slot #1",
          "x": 300,
          "y": 150
        }
      },
      {
        "type": "inputslot",
        "data": {
          "inputLimit": {
            "value": ""
          },
          "color": {
            "value": -12566464,
            "falpha": 0.0
          },
          "id": 2,
          "name": "Slot #2",
          "x": 300,
          "y": 186
        }
      },
      {
        "type": "inputslot",
        "data": {
          "inputLimit": {
            "value": ""
          },
          "color": {
            "value": -12566464,
            "falpha": 0.0
          },
          "id": 3,
          "name": "Slot #3",
          "x": 336,
          "y": 114
        }
      },
      {
        "type": "inputslot",
        "data": {
          "inputLimit": {
            "value": ""
          },
          "color": {
            "value": -12566464,
            "falpha": 0.0
          },
          "id": 4,
          "name": "Slot #4",
          "x": 336,
          "y": 150
        }
      },
      {
        "type": "inputslot",
        "data": {
          "inputLimit": {
            "value": ""
          },
          "color": {
            "value": -12566464,
            "falpha": 0.0
          },
          "id": 5,
          "name": "Slot #5",
          "x": 336,
          "y": 186
        }
      },
      {
        "type": "inputslot",
        "data": {
          "inputLimit": {
            "value": ""
          },
          "color": {
            "value": -12566464,
            "falpha": 0.0
          },
          "id": 6,
          "name": "Slot #6",
          "x": 372,
          "y": 114
        }
      },
      {
        "type": "inputslot",
        "data": {
          "inputLimit": {
            "value": ""
          },
          "color": {
            "value": -12566464,
            "falpha": 0.0
          },
          "id": 7,
          "name": "Slot #7",
          "x": 372,
          "y": 150
        }
      },
      {
        "type": "inputslot",
        "data": {
          "inputLimit": {
            "value": ""
          },
          "color": {
            "value": -12566464,
            "falpha": 0.0
          },
          "id": 8,
          "name": "Slot #8",
          "x": 372,
          "y": 186
        }
      },
      {
        "type": "outputslot",
        "data": {
          "color": {
            "value": -12566464,
            "falpha": 0.0
          },
          "id": 9,
          "name": "Slot #9",
          "x": 516,
          "y": 150
        }
      }
    ]
  }
}