{
  "_fv": 6,
  "_type": "recipe",
  "definition": {
    "recipeType": "Crafting",
    "xpReward": 0.0,
    "recipeRetstackSize": 1,
    "group": "",
    "recipeShapeless": false,
    "recipeSlots": [
      {
        "value": ""
      },
      {
        "value": ""
      },
      {
        "value": ""
      },
      {
        "value": "CUSTOM:PromptiumIngot"
      },
      {
        "value": ""
      },
      {
        "value": "CUSTOM:PromptiumIngot"
      },
      {
        "value": "CUSTOM:PromptiumIngot"
      },
      {
        "value": ""
      },
      {
        "value": "CUSTOM:PromptiumIngot"
      }
    ],
    "recipeReturnStack": {
      "value": "CUSTOM:Promptium_armorArmor.boots"
    },
    "name": "promptium_armorarmorbootsrecipe",
    "namespace": "mod"
  }
}