{
  "_fv": 6,
  "_type": "armor",
  "definition": {
    "enableHelmet": true,
    "textureHelmet": "promptium_helmet_texture",
    "enableBody": true,
    "textureBody": "promptium_body_texture",
    "enableLeggings": true,
    "textureLeggings": "promptium_leggings_texture",
    "enableBoots": true,
    "textureBoots": "promptium_boots_texture",
    "creativeTab": {
      "value": "COMBAT"
    },
    "armorTextureFile": "promptium_armor",
    "helmetName": "Promptium_armor Helmet",
    "bodyName": "Promptium_armor Chestplate",
    "leggingsName": "Promptium_armor Leggings",
    "bootsName": "Promptium_armor Boots",
    "helmetModelName": "Default",
    "helmetModelPart": "Helmet",
    "helmetModelTexture": "From armor",
    "bodyModelName": "Default",
    "bodyModelPart": "Body",
    "bodyModelTexture": "From armor",
    "leggingsModelName": "Default",
    "leggingsModelPartL": "Leggings L",
    "leggingsModelPartR": "Leggings R",
    "leggingsModelTexture": "From armor",
    "bootsModelName": "Default",
    "bootsModelPartL": "Boots L",
    "bootsModelPartR": "Boots R",
    "bootsModelTexture": "From armor",
    "maxDamage": 200,
    "damageValueHelmet": 25,
    "damageValueBody": 50,
    "damageValueLeggings": 50,
    "damageValueBoots": 25,
    "enchantability": 80,
    "toughness": 3.0,
    "equipSound": {
      "value": ""
    },
    "repairItems": []
  }
}