{
  "_fv": 6,
  "_type": "achievement",
  "definition": {
    "achievementName": "Promptium Achievement",
    "achievementDescription": "Welcome in a new age",
    "achievementIcon": {
      "value": "CUSTOM:PromptiumOreBlock"
    },
    "background": "Default",
    "disableDisplay": false,
    "showPopup": true,
    "announceToChat": true,
    "hideIfNotCompleted": true,
    "rewardLoot": [],
    "rewardRecipes": [],
    "rewardFunction": "No function",
    "rewardXP": 5,
    "achievementType": "goal",
    "parent": {
      "value": "No parent: root"
    },
    "triggerxml": "<xml xmlns=\"https://developers.google.com/blockly/xml\"><block type=\"custom_trigger\" x=\"38\" y=\"63\"><next><block type=\"advancement_trigger\" deletable=\"false\"/></next></block></xml>"
  }
}